<?xml version="1.0" encoding="UTF-8"?>
<project-private xmlns="http://www.netbeans.org/ns/project-private/1">
    <editor-bookmarks xmlns="http://www.netbeans.org/ns/editor-bookmarks/2" lastBookmarkId="0"/>
    <open-files xmlns="http://www.netbeans.org/ns/projectui-open-files/2">
        <group>
            <file>file:/C:/Users/faizz/Downloads/perpustakaan%20pbtg/perpustakaan/src/perpustakaan/akun.java</file>
            <file>file:/C:/Users/faizz/Downloads/perpustakaan%20pbtg/perpustakaan/src/perpustakaan/anggota.java</file>
            <file>file:/C:/Users/faizz/Downloads/perpustakaan%20pbtg/perpustakaan/src/perpustakaan/karyawan.java</file>
            <file>file:/C:/Users/faizz/Downloads/perpustakaan%20pbtg/perpustakaan/src/perpustakaan/login.java</file>
            <file>file:/C:/Users/faizz/Downloads/perpustakaan%20pbtg/perpustakaan/src/perpustakaan/loginadmin.java</file>
            <file>file:/C:/Users/faizz/Downloads/perpustakaan%20pbtg/perpustakaan/src/perpustakaan/menuutama.java</file>
            <file>file:/C:/Users/faizz/Downloads/perpustakaan%20pbtg/perpustakaan/src/perpustakaan/pinjam.java</file>
            <file>file:/C:/Users/faizz/Downloads/perpustakaan%20pbtg/perpustakaan/src/perpustakaan/transaksi.java</file>
        </group>
    </open-files>
</project-private>
